{"cameraMode":{"drawMode":0,"name":"Shaded","section":"Shading Mode"},"sceneLighting":true,"audioPlay":false,"sceneViewState":{"m_AlwaysRefresh":false,"showFog":true,"showSkybox":true,"showFlares":true,"showImageEffects":true,"showParticleSystems":true,"showVisualEffectGraphs":true,"m_FxEnabled":true},"in2DMode":false,"pivot":{"x":-18.314313888549806,"y":51.305885314941409,"z":7.793145179748535},"rotation":{"x":-0.5137801170349121,"y":0.026619749143719674,"z":-0.01571163535118103,"w":-0.8574734926223755},"size":18.84178924560547,"orthographic":false}